1234, Bob, 22
1234, Bob, 22
IDNameAge
1234, Bob, 22
ID, Name, Age
ID, Name, Age
ID, Name, Age
ID, Name, Age
ID, Name, Age
ID, Name, Age
ID, Name, Age
ID, Name, Age
ID, Name, Age
ID, Name, Age
ID, Name, Age
ID, Name, Age
ID, Name, Age
ID, Name, Age
ID, Name, Age
ID, Name, Age
ID, Name, Age
ID, Name, Age
ID, Name, Age
ID, Name, Age
ID, Name, Age
ID, Name, Age
ID, Name, Age
ID, Name, Age
ID, Name, Age
ID, Name, Age
ID, Name, Age
ID, Name, Age
ID, Name, Age
ID, Name, Age
ID, Name, Age
ID, Name, Age
ID, Name, Age
ID, Name, Age
ID, Name, Age
ID, Name, Age
ID, Name, Age
ID, Name, Age
ID, Name, Age
ID, Name, Age
ID, Name, Age
ID, Name, Age
ID, Name, Age
ID, Name, Age
ID, Name, Age
ID, Name, Age
ID, Name, Age
ID, Name, Age
ID, Name, Age
ID, Name, Age
ID, Name, Age
ID, Name, Age
ID, Name, Age
ID, Name, Age
ID, Name, Age
ID, Name, Age
ID, Name, Age
ID, Name, Age
ID, Name, Age
ID, Name, Age
ID, Name, Age
ID, Name, Age
ID, Name, Age
ID, Name, Age
ID, Name, Age
ID, Name, Age
ID, Name, Age
ID, Name, Age
ID, Name, Age
ID, Name, Age
ID, Name, Age
